{
  "generator-karma": {
    "base-path": "../",
    "frameworks": "jasmine",
    "browsers": "PhantomJS",
    "app-files": "app/scripts/**/*.js",
    "bower-components": "angular/angular.js,angular-mocks/angular-mocks.js,angular-animate/angular-animate.js,angular-cookies/angular-cookies.js,angular-resource/angular-resource.js,angular-route/angular-route.js,angular-sanitize/angular-sanitize.js,angular-touch/angular-touch.js",
    "bower-components-path": "bower_components",
    "test-files": "test/mock/**/*.js,test/spec/**/*.js"
  }
}